state,district,time,metric_type,value,source
Karnataka,Bagalkot,2025-03,aadhaar_demographic_update,15856,UIDAI
Karnataka,Bagalkot,2025-04,aadhaar_demographic_update,2520,UIDAI
Karnataka,Bagalkot,2025-05,aadhaar_demographic_update,1850,UIDAI
Karnataka,Bagalkot,2025-06,aadhaar_demographic_update,2648,UIDAI
Karnataka,Bagalkot,2025-07,aadhaar_demographic_update,1081,UIDAI
Karnataka,Bagalkot,2025-09,aadhaar_demographic_update,7423,UIDAI
Karnataka,Bagalkot,2025-10,aadhaar_demographic_update,6546,UIDAI
Karnataka,Bagalkot,2025-11,aadhaar_demographic_update,7986,UIDAI
Karnataka,Bagalkot,2025-12,aadhaar_demographic_update,10582,UIDAI
Karnataka,Bagalkot,2026-01,aadhaar_demographic_update,1138,UIDAI
Karnataka,Ballari,2025-03,aadhaar_demographic_update,9565,UIDAI
Karnataka,Ballari,2025-04,aadhaar_demographic_update,1143,UIDAI
Karnataka,Ballari,2025-05,aadhaar_demographic_update,2342,UIDAI
Karnataka,Ballari,2025-06,aadhaar_demographic_update,3748,UIDAI
Karnataka,Ballari,2025-07,aadhaar_demographic_update,534,UIDAI
Karnataka,Ballari,2025-09,aadhaar_demographic_update,6769,UIDAI
Karnataka,Ballari,2025-10,aadhaar_demographic_update,5883,UIDAI
Karnataka,Ballari,2025-11,aadhaar_demographic_update,8257,UIDAI
Karnataka,Ballari,2025-12,aadhaar_demographic_update,11601,UIDAI
Karnataka,Ballari,2026-01,aadhaar_demographic_update,929,UIDAI
Karnataka,Belagavi,2025-03,aadhaar_demographic_update,12801,UIDAI
Karnataka,Belagavi,2025-04,aadhaar_demographic_update,1718,UIDAI
Karnataka,Belagavi,2025-05,aadhaar_demographic_update,139,UIDAI
Karnataka,Belagavi,2025-06,aadhaar_demographic_update,533,UIDAI
Karnataka,Belagavi,2025-09,aadhaar_demographic_update,5991,UIDAI
Karnataka,Belagavi,2025-10,aadhaar_demographic_update,6021,UIDAI
Karnataka,Belagavi,2025-11,aadhaar_demographic_update,9936,UIDAI
Karnataka,Belagavi,2025-12,aadhaar_demographic_update,12575,UIDAI
Karnataka,Belagavi,2026-01,aadhaar_demographic_update,1109,UIDAI
Karnataka,Belgaum,2025-03,aadhaar_demographic_update,14627,UIDAI
Karnataka,Belgaum,2025-09,aadhaar_demographic_update,9498,UIDAI
Karnataka,Belgaum,2025-10,aadhaar_demographic_update,8845,UIDAI
Karnataka,Belgaum,2025-11,aadhaar_demographic_update,11727,UIDAI
Karnataka,Belgaum,2025-12,aadhaar_demographic_update,16109,UIDAI
Karnataka,Belgaum,2026-01,aadhaar_demographic_update,1478,UIDAI
Karnataka,Bengaluru,2025-03,aadhaar_demographic_update,53029,UIDAI
Karnataka,Bengaluru,2025-04,aadhaar_demographic_update,25539,UIDAI
Karnataka,Bengaluru,2025-05,aadhaar_demographic_update,27181,UIDAI
Karnataka,Bengaluru,2025-06,aadhaar_demographic_update,15669,UIDAI
Karnataka,Bengaluru,2025-07,aadhaar_demographic_update,25765,UIDAI
Karnataka,Bengaluru,2025-09,aadhaar_demographic_update,33808,UIDAI
Karnataka,Bengaluru,2025-10,aadhaar_demographic_update,35191,UIDAI
Karnataka,Bengaluru,2025-11,aadhaar_demographic_update,56231,UIDAI
Karnataka,Bengaluru,2025-12,aadhaar_demographic_update,63427,UIDAI
Karnataka,Bengaluru,2026-01,aadhaar_demographic_update,6104,UIDAI
Karnataka,Bengaluru Rural,2025-03,aadhaar_demographic_update,6417,UIDAI
Karnataka,Bengaluru Rural,2025-04,aadhaar_demographic_update,1306,UIDAI
Karnataka,Bengaluru Rural,2025-05,aadhaar_demographic_update,4055,UIDAI
Karnataka,Bengaluru Rural,2025-06,aadhaar_demographic_update,2508,UIDAI
Karnataka,Bengaluru Rural,2025-07,aadhaar_demographic_update,4660,UIDAI
Karnataka,Bengaluru Rural,2025-09,aadhaar_demographic_update,3874,UIDAI
Karnataka,Bengaluru Rural,2025-10,aadhaar_demographic_update,3940,UIDAI
Karnataka,Bengaluru Rural,2025-11,aadhaar_demographic_update,6032,UIDAI
Karnataka,Bengaluru Rural,2025-12,aadhaar_demographic_update,6762,UIDAI
Karnataka,Bengaluru Rural,2026-01,aadhaar_demographic_update,715,UIDAI
Karnataka,Bengaluru South,2025-09,aadhaar_demographic_update,562,UIDAI
Karnataka,Bengaluru South,2025-10,aadhaar_demographic_update,855,UIDAI
Karnataka,Bengaluru South,2025-11,aadhaar_demographic_update,1478,UIDAI
Karnataka,Bengaluru South,2025-12,aadhaar_demographic_update,1754,UIDAI
Karnataka,Bengaluru South,2026-01,aadhaar_demographic_update,138,UIDAI
Karnataka,Bidar,2025-03,aadhaar_demographic_update,4914,UIDAI
Karnataka,Bidar,2025-05,aadhaar_demographic_update,1492,UIDAI
Karnataka,Bidar,2025-06,aadhaar_demographic_update,1483,UIDAI
Karnataka,Bidar,2025-07,aadhaar_demographic_update,2677,UIDAI
Karnataka,Bidar,2025-09,aadhaar_demographic_update,5020,UIDAI
Karnataka,Bidar,2025-10,aadhaar_demographic_update,4609,UIDAI
Karnataka,Bidar,2025-11,aadhaar_demographic_update,7221,UIDAI
Karnataka,Bidar,2025-12,aadhaar_demographic_update,9537,UIDAI
Karnataka,Bidar,2026-01,aadhaar_demographic_update,913,UIDAI
Karnataka,Bijapur,2025-03,aadhaar_demographic_update,8126,UIDAI
Karnataka,Bijapur,2025-09,aadhaar_demographic_update,4996,UIDAI
Karnataka,Bijapur,2025-10,aadhaar_demographic_update,3971,UIDAI
Karnataka,Bijapur,2025-11,aadhaar_demographic_update,5192,UIDAI
Karnataka,Bijapur,2025-12,aadhaar_demographic_update,7340,UIDAI
Karnataka,Bijapur,2026-01,aadhaar_demographic_update,762,UIDAI
Karnataka,Bijapur(KAR),2025-11,aadhaar_demographic_update,1,UIDAI
Karnataka,Bijapur(KAR),2025-12,aadhaar_demographic_update,2,UIDAI
Karnataka,Bijapur(KAR),2026-01,aadhaar_demographic_update,1,UIDAI
Karnataka,Chamarajanagar,2025-09,aadhaar_demographic_update,223,UIDAI
Karnataka,Chamarajanagar,2025-10,aadhaar_demographic_update,253,UIDAI
Karnataka,Chamarajanagar,2025-11,aadhaar_demographic_update,335,UIDAI
Karnataka,Chamarajanagar,2025-12,aadhaar_demographic_update,560,UIDAI
Karnataka,Chamarajanagar,2026-01,aadhaar_demographic_update,46,UIDAI
Karnataka,Chamrajanagar,2025-03,aadhaar_demographic_update,3523,UIDAI
Karnataka,Chamrajanagar,2025-07,aadhaar_demographic_update,606,UIDAI
Karnataka,Chamrajanagar,2025-09,aadhaar_demographic_update,2070,UIDAI
Karnataka,Chamrajanagar,2025-10,aadhaar_demographic_update,1845,UIDAI
Karnataka,Chamrajanagar,2025-11,aadhaar_demographic_update,2717,UIDAI
Karnataka,Chamrajanagar,2025-12,aadhaar_demographic_update,3797,UIDAI
Karnataka,Chamrajanagar,2026-01,aadhaar_demographic_update,314,UIDAI
Karnataka,Chamrajnagar,2025-09,aadhaar_demographic_update,446,UIDAI
Karnataka,Chamrajnagar,2025-10,aadhaar_demographic_update,344,UIDAI
Karnataka,Chamrajnagar,2025-11,aadhaar_demographic_update,579,UIDAI
Karnataka,Chamrajnagar,2025-12,aadhaar_demographic_update,863,UIDAI
Karnataka,Chamrajnagar,2026-01,aadhaar_demographic_update,46,UIDAI
Karnataka,Chickmagalur,2025-03,aadhaar_demographic_update,1235,UIDAI
Karnataka,Chickmagalur,2025-09,aadhaar_demographic_update,2022,UIDAI
Karnataka,Chickmagalur,2025-10,aadhaar_demographic_update,1710,UIDAI
Karnataka,Chickmagalur,2025-11,aadhaar_demographic_update,2774,UIDAI
Karnataka,Chickmagalur,2025-12,aadhaar_demographic_update,3125,UIDAI
Karnataka,Chickmagalur,2026-01,aadhaar_demographic_update,296,UIDAI
Karnataka,Chikkaballapur,2025-03,aadhaar_demographic_update,5001,UIDAI
Karnataka,Chikkaballapur,2025-04,aadhaar_demographic_update,699,UIDAI
Karnataka,Chikkaballapur,2025-05,aadhaar_demographic_update,3083,UIDAI
Karnataka,Chikkaballapur,2025-06,aadhaar_demographic_update,964,UIDAI
Karnataka,Chikkaballapur,2025-07,aadhaar_demographic_update,859,UIDAI
Karnataka,Chikkaballapur,2025-09,aadhaar_demographic_update,4179,UIDAI
Karnataka,Chikkaballapur,2025-10,aadhaar_demographic_update,3799,UIDAI
Karnataka,Chikkaballapur,2025-11,aadhaar_demographic_update,5558,UIDAI
Karnataka,Chikkaballapur,2025-12,aadhaar_demographic_update,7883,UIDAI
Karnataka,Chikkaballapur,2026-01,aadhaar_demographic_update,678,UIDAI
Karnataka,Chikkamagaluru,2025-03,aadhaar_demographic_update,1126,UIDAI
Karnataka,Chikkamagaluru,2025-05,aadhaar_demographic_update,532,UIDAI
Karnataka,Chikkamagaluru,2025-06,aadhaar_demographic_update,662,UIDAI
Karnataka,Chikkamagaluru,2025-07,aadhaar_demographic_update,457,UIDAI
Karnataka,Chikkamagaluru,2025-09,aadhaar_demographic_update,1198,UIDAI
Karnataka,Chikkamagaluru,2025-10,aadhaar_demographic_update,1230,UIDAI
Karnataka,Chikkamagaluru,2025-11,aadhaar_demographic_update,2237,UIDAI
Karnataka,Chikkamagaluru,2025-12,aadhaar_demographic_update,2775,UIDAI
Karnataka,Chikkamagaluru,2026-01,aadhaar_demographic_update,218,UIDAI
Karnataka,Chikmagalur,2025-09,aadhaar_demographic_update,179,UIDAI
Karnataka,Chikmagalur,2025-10,aadhaar_demographic_update,195,UIDAI
Karnataka,Chikmagalur,2025-11,aadhaar_demographic_update,265,UIDAI
Karnataka,Chikmagalur,2025-12,aadhaar_demographic_update,275,UIDAI
Karnataka,Chikmagalur,2026-01,aadhaar_demographic_update,25,UIDAI
Karnataka,Chitradurga,2025-03,aadhaar_demographic_update,6415,UIDAI
Karnataka,Chitradurga,2025-04,aadhaar_demographic_update,1676,UIDAI
Karnataka,Chitradurga,2025-05,aadhaar_demographic_update,2461,UIDAI
Karnataka,Chitradurga,2025-06,aadhaar_demographic_update,4039,UIDAI
Karnataka,Chitradurga,2025-07,aadhaar_demographic_update,368,UIDAI
Karnataka,Chitradurga,2025-09,aadhaar_demographic_update,5713,UIDAI
Karnataka,Chitradurga,2025-10,aadhaar_demographic_update,5237,UIDAI
Karnataka,Chitradurga,2025-11,aadhaar_demographic_update,7385,UIDAI
Karnataka,Chitradurga,2025-12,aadhaar_demographic_update,10625,UIDAI
Karnataka,Chitradurga,2026-01,aadhaar_demographic_update,920,UIDAI
Karnataka,Dakshina Kannada,2025-03,aadhaar_demographic_update,9061,UIDAI
Karnataka,Dakshina Kannada,2025-04,aadhaar_demographic_update,388,UIDAI
Karnataka,Dakshina Kannada,2025-07,aadhaar_demographic_update,1118,UIDAI
Karnataka,Dakshina Kannada,2025-09,aadhaar_demographic_update,7516,UIDAI
Karnataka,Dakshina Kannada,2025-10,aadhaar_demographic_update,7502,UIDAI
Karnataka,Dakshina Kannada,2025-11,aadhaar_demographic_update,12234,UIDAI
Karnataka,Dakshina Kannada,2025-12,aadhaar_demographic_update,14585,UIDAI
Karnataka,Dakshina Kannada,2026-01,aadhaar_demographic_update,1452,UIDAI
Karnataka,Davanagere,2025-03,aadhaar_demographic_update,165,UIDAI
Karnataka,Davanagere,2025-09,aadhaar_demographic_update,694,UIDAI
Karnataka,Davanagere,2025-10,aadhaar_demographic_update,595,UIDAI
Karnataka,Davanagere,2025-11,aadhaar_demographic_update,828,UIDAI
Karnataka,Davanagere,2025-12,aadhaar_demographic_update,1138,UIDAI
Karnataka,Davanagere,2026-01,aadhaar_demographic_update,103,UIDAI
Karnataka,Davangere,2025-03,aadhaar_demographic_update,5858,UIDAI
Karnataka,Davangere,2025-04,aadhaar_demographic_update,1697,UIDAI
Karnataka,Davangere,2025-05,aadhaar_demographic_update,2630,UIDAI
Karnataka,Davangere,2025-06,aadhaar_demographic_update,3024,UIDAI
Karnataka,Davangere,2025-07,aadhaar_demographic_update,1254,UIDAI
Karnataka,Davangere,2025-09,aadhaar_demographic_update,4887,UIDAI
Karnataka,Davangere,2025-10,aadhaar_demographic_update,3620,UIDAI
Karnataka,Davangere,2025-11,aadhaar_demographic_update,5329,UIDAI
Karnataka,Davangere,2025-12,aadhaar_demographic_update,7332,UIDAI
Karnataka,Davangere,2026-01,aadhaar_demographic_update,812,UIDAI
Karnataka,Dharwad,2025-03,aadhaar_demographic_update,9961,UIDAI
Karnataka,Dharwad,2025-04,aadhaar_demographic_update,2199,UIDAI
Karnataka,Dharwad,2025-05,aadhaar_demographic_update,1603,UIDAI
Karnataka,Dharwad,2025-07,aadhaar_demographic_update,2564,UIDAI
Karnataka,Dharwad,2025-09,aadhaar_demographic_update,5383,UIDAI
Karnataka,Dharwad,2025-10,aadhaar_demographic_update,4615,UIDAI
Karnataka,Dharwad,2025-11,aadhaar_demographic_update,7781,UIDAI
Karnataka,Dharwad,2025-12,aadhaar_demographic_update,9337,UIDAI
Karnataka,Dharwad,2026-01,aadhaar_demographic_update,955,UIDAI
Karnataka,Gadag,2025-03,aadhaar_demographic_update,5811,UIDAI
Karnataka,Gadag,2025-05,aadhaar_demographic_update,1423,UIDAI
Karnataka,Gadag,2025-06,aadhaar_demographic_update,2575,UIDAI
Karnataka,Gadag,2025-09,aadhaar_demographic_update,3417,UIDAI
Karnataka,Gadag,2025-10,aadhaar_demographic_update,2860,UIDAI
Karnataka,Gadag,2025-11,aadhaar_demographic_update,4512,UIDAI
Karnataka,Gadag,2025-12,aadhaar_demographic_update,5817,UIDAI
Karnataka,Gadag,2026-01,aadhaar_demographic_update,523,UIDAI
Karnataka,Hasan,2025-03,aadhaar_demographic_update,453,UIDAI
Karnataka,Hasan,2025-09,aadhaar_demographic_update,1729,UIDAI
Karnataka,Hasan,2025-10,aadhaar_demographic_update,1669,UIDAI
Karnataka,Hasan,2025-11,aadhaar_demographic_update,2641,UIDAI
Karnataka,Hasan,2025-12,aadhaar_demographic_update,3014,UIDAI
Karnataka,Hasan,2026-01,aadhaar_demographic_update,265,UIDAI
Karnataka,Hassan,2025-03,aadhaar_demographic_update,7175,UIDAI
Karnataka,Hassan,2025-04,aadhaar_demographic_update,2861,UIDAI
Karnataka,Hassan,2025-05,aadhaar_demographic_update,3277,UIDAI
Karnataka,Hassan,2025-06,aadhaar_demographic_update,1633,UIDAI
Karnataka,Hassan,2025-07,aadhaar_demographic_update,744,UIDAI
Karnataka,Hassan,2025-09,aadhaar_demographic_update,3686,UIDAI
Karnataka,Hassan,2025-10,aadhaar_demographic_update,3581,UIDAI
Karnataka,Hassan,2025-11,aadhaar_demographic_update,5746,UIDAI
Karnataka,Hassan,2025-12,aadhaar_demographic_update,6991,UIDAI
Karnataka,Hassan,2026-01,aadhaar_demographic_update,562,UIDAI
Karnataka,Haveri,2025-03,aadhaar_demographic_update,9265,UIDAI
Karnataka,Haveri,2025-04,aadhaar_demographic_update,2040,UIDAI
Karnataka,Haveri,2025-05,aadhaar_demographic_update,3799,UIDAI
Karnataka,Haveri,2025-06,aadhaar_demographic_update,5375,UIDAI
Karnataka,Haveri,2025-07,aadhaar_demographic_update,3589,UIDAI
Karnataka,Haveri,2025-09,aadhaar_demographic_update,5366,UIDAI
Karnataka,Haveri,2025-10,aadhaar_demographic_update,3955,UIDAI
Karnataka,Haveri,2025-11,aadhaar_demographic_update,6647,UIDAI
Karnataka,Haveri,2025-12,aadhaar_demographic_update,8293,UIDAI
Karnataka,Haveri,2026-01,aadhaar_demographic_update,763,UIDAI
Karnataka,Kalaburagi,2025-03,aadhaar_demographic_update,10492,UIDAI
Karnataka,Kalaburagi,2025-04,aadhaar_demographic_update,4537,UIDAI
Karnataka,Kalaburagi,2025-05,aadhaar_demographic_update,2189,UIDAI
Karnataka,Kalaburagi,2025-06,aadhaar_demographic_update,4275,UIDAI
Karnataka,Kalaburagi,2025-07,aadhaar_demographic_update,3934,UIDAI
Karnataka,Kalaburagi,2025-09,aadhaar_demographic_update,7819,UIDAI
Karnataka,Kalaburagi,2025-10,aadhaar_demographic_update,7433,UIDAI
Karnataka,Kalaburagi,2025-11,aadhaar_demographic_update,10127,UIDAI
Karnataka,Kalaburagi,2025-12,aadhaar_demographic_update,14729,UIDAI
Karnataka,Kalaburagi,2026-01,aadhaar_demographic_update,1457,UIDAI
Karnataka,Kodagu,2025-03,aadhaar_demographic_update,1967,UIDAI
Karnataka,Kodagu,2025-09,aadhaar_demographic_update,1884,UIDAI
Karnataka,Kodagu,2025-10,aadhaar_demographic_update,1935,UIDAI
Karnataka,Kodagu,2025-11,aadhaar_demographic_update,2801,UIDAI
Karnataka,Kodagu,2025-12,aadhaar_demographic_update,3168,UIDAI
Karnataka,Kodagu,2026-01,aadhaar_demographic_update,266,UIDAI
Karnataka,Kolar,2025-03,aadhaar_demographic_update,7975,UIDAI
Karnataka,Kolar,2025-05,aadhaar_demographic_update,3309,UIDAI
Karnataka,Kolar,2025-06,aadhaar_demographic_update,1792,UIDAI
Karnataka,Kolar,2025-07,aadhaar_demographic_update,610,UIDAI
Karnataka,Kolar,2025-09,aadhaar_demographic_update,5271,UIDAI
Karnataka,Kolar,2025-10,aadhaar_demographic_update,3586,UIDAI
Karnataka,Kolar,2025-11,aadhaar_demographic_update,6556,UIDAI
Karnataka,Kolar,2025-12,aadhaar_demographic_update,7693,UIDAI
Karnataka,Kolar,2026-01,aadhaar_demographic_update,761,UIDAI
Karnataka,Koppal,2025-03,aadhaar_demographic_update,6729,UIDAI
Karnataka,Koppal,2025-04,aadhaar_demographic_update,942,UIDAI
Karnataka,Koppal,2025-05,aadhaar_demographic_update,2906,UIDAI
Karnataka,Koppal,2025-06,aadhaar_demographic_update,5991,UIDAI
Karnataka,Koppal,2025-07,aadhaar_demographic_update,3422,UIDAI
Karnataka,Koppal,2025-09,aadhaar_demographic_update,5059,UIDAI
Karnataka,Koppal,2025-10,aadhaar_demographic_update,3622,UIDAI
Karnataka,Koppal,2025-11,aadhaar_demographic_update,5819,UIDAI
Karnataka,Koppal,2025-12,aadhaar_demographic_update,7957,UIDAI
Karnataka,Koppal,2026-01,aadhaar_demographic_update,760,UIDAI
Karnataka,Mandya,2025-03,aadhaar_demographic_update,6308,UIDAI
Karnataka,Mandya,2025-04,aadhaar_demographic_update,1148,UIDAI
Karnataka,Mandya,2025-05,aadhaar_demographic_update,2206,UIDAI
Karnataka,Mandya,2025-06,aadhaar_demographic_update,2318,UIDAI
Karnataka,Mandya,2025-07,aadhaar_demographic_update,265,UIDAI
Karnataka,Mandya,2025-09,aadhaar_demographic_update,4193,UIDAI
Karnataka,Mandya,2025-10,aadhaar_demographic_update,4200,UIDAI
Karnataka,Mandya,2025-11,aadhaar_demographic_update,6581,UIDAI
Karnataka,Mandya,2025-12,aadhaar_demographic_update,7923,UIDAI
Karnataka,Mandya,2026-01,aadhaar_demographic_update,689,UIDAI
Karnataka,Mysuru,2025-03,aadhaar_demographic_update,8257,UIDAI
Karnataka,Mysuru,2025-04,aadhaar_demographic_update,3420,UIDAI
Karnataka,Mysuru,2025-05,aadhaar_demographic_update,3833,UIDAI
Karnataka,Mysuru,2025-06,aadhaar_demographic_update,2169,UIDAI
Karnataka,Mysuru,2025-07,aadhaar_demographic_update,997,UIDAI
Karnataka,Mysuru,2025-09,aadhaar_demographic_update,7636,UIDAI
Karnataka,Mysuru,2025-10,aadhaar_demographic_update,7322,UIDAI
Karnataka,Mysuru,2025-11,aadhaar_demographic_update,11914,UIDAI
Karnataka,Mysuru,2025-12,aadhaar_demographic_update,14146,UIDAI
Karnataka,Mysuru,2026-01,aadhaar_demographic_update,1308,UIDAI
Karnataka,Raichur,2025-03,aadhaar_demographic_update,7224,UIDAI
Karnataka,Raichur,2025-04,aadhaar_demographic_update,1610,UIDAI
Karnataka,Raichur,2025-05,aadhaar_demographic_update,743,UIDAI
Karnataka,Raichur,2025-06,aadhaar_demographic_update,2422,UIDAI
Karnataka,Raichur,2025-07,aadhaar_demographic_update,6130,UIDAI
Karnataka,Raichur,2025-09,aadhaar_demographic_update,6577,UIDAI
Karnataka,Raichur,2025-10,aadhaar_demographic_update,5534,UIDAI
Karnataka,Raichur,2025-11,aadhaar_demographic_update,7249,UIDAI
Karnataka,Raichur,2025-12,aadhaar_demographic_update,10850,UIDAI
Karnataka,Raichur,2026-01,aadhaar_demographic_update,1160,UIDAI
Karnataka,Ramanagar,2025-03,aadhaar_demographic_update,3869,UIDAI
Karnataka,Ramanagar,2025-04,aadhaar_demographic_update,395,UIDAI
Karnataka,Ramanagar,2025-05,aadhaar_demographic_update,6064,UIDAI
Karnataka,Ramanagar,2025-06,aadhaar_demographic_update,824,UIDAI
Karnataka,Ramanagar,2025-07,aadhaar_demographic_update,3220,UIDAI
Karnataka,Ramanagar,2025-09,aadhaar_demographic_update,3214,UIDAI
Karnataka,Ramanagar,2025-10,aadhaar_demographic_update,3012,UIDAI
Karnataka,Ramanagar,2025-11,aadhaar_demographic_update,4048,UIDAI
Karnataka,Ramanagar,2025-12,aadhaar_demographic_update,5941,UIDAI
Karnataka,Ramanagar,2026-01,aadhaar_demographic_update,792,UIDAI
Karnataka,Shimoga,2025-03,aadhaar_demographic_update,1592,UIDAI
Karnataka,Shimoga,2025-09,aadhaar_demographic_update,3183,UIDAI
Karnataka,Shimoga,2025-10,aadhaar_demographic_update,2316,UIDAI
Karnataka,Shimoga,2025-11,aadhaar_demographic_update,3766,UIDAI
Karnataka,Shimoga,2025-12,aadhaar_demographic_update,4208,UIDAI
Karnataka,Shimoga,2026-01,aadhaar_demographic_update,352,UIDAI
Karnataka,Shivamogga,2025-03,aadhaar_demographic_update,3090,UIDAI
Karnataka,Shivamogga,2025-04,aadhaar_demographic_update,1404,UIDAI
Karnataka,Shivamogga,2025-05,aadhaar_demographic_update,1264,UIDAI
Karnataka,Shivamogga,2025-09,aadhaar_demographic_update,2734,UIDAI
Karnataka,Shivamogga,2025-10,aadhaar_demographic_update,2606,UIDAI
Karnataka,Shivamogga,2025-11,aadhaar_demographic_update,4446,UIDAI
Karnataka,Shivamogga,2025-12,aadhaar_demographic_update,5103,UIDAI
Karnataka,Shivamogga,2026-01,aadhaar_demographic_update,432,UIDAI
Karnataka,Tumakuru,2025-03,aadhaar_demographic_update,7161,UIDAI
Karnataka,Tumakuru,2025-04,aadhaar_demographic_update,1073,UIDAI
Karnataka,Tumakuru,2025-05,aadhaar_demographic_update,878,UIDAI
Karnataka,Tumakuru,2025-06,aadhaar_demographic_update,1449,UIDAI
Karnataka,Tumakuru,2025-07,aadhaar_demographic_update,342,UIDAI
Karnataka,Tumakuru,2025-09,aadhaar_demographic_update,2846,UIDAI
Karnataka,Tumakuru,2025-10,aadhaar_demographic_update,3196,UIDAI
Karnataka,Tumakuru,2025-11,aadhaar_demographic_update,4961,UIDAI
Karnataka,Tumakuru,2025-12,aadhaar_demographic_update,6543,UIDAI
Karnataka,Tumakuru,2026-01,aadhaar_demographic_update,638,UIDAI
Karnataka,Tumkur,2025-03,aadhaar_demographic_update,3210,UIDAI
Karnataka,Tumkur,2025-09,aadhaar_demographic_update,3977,UIDAI
Karnataka,Tumkur,2025-10,aadhaar_demographic_update,3929,UIDAI
Karnataka,Tumkur,2025-11,aadhaar_demographic_update,5260,UIDAI
Karnataka,Tumkur,2025-12,aadhaar_demographic_update,7195,UIDAI
Karnataka,Tumkur,2026-01,aadhaar_demographic_update,597,UIDAI
Karnataka,Udupi,2025-03,aadhaar_demographic_update,4927,UIDAI
Karnataka,Udupi,2025-04,aadhaar_demographic_update,155,UIDAI
Karnataka,Udupi,2025-09,aadhaar_demographic_update,4241,UIDAI
Karnataka,Udupi,2025-10,aadhaar_demographic_update,4329,UIDAI
Karnataka,Udupi,2025-11,aadhaar_demographic_update,6072,UIDAI
Karnataka,Udupi,2025-12,aadhaar_demographic_update,6961,UIDAI
Karnataka,Udupi,2026-01,aadhaar_demographic_update,669,UIDAI
Karnataka,Uttara Kannada,2025-03,aadhaar_demographic_update,6507,UIDAI
Karnataka,Uttara Kannada,2025-04,aadhaar_demographic_update,519,UIDAI
Karnataka,Uttara Kannada,2025-05,aadhaar_demographic_update,1275,UIDAI
Karnataka,Uttara Kannada,2025-07,aadhaar_demographic_update,682,UIDAI
Karnataka,Uttara Kannada,2025-09,aadhaar_demographic_update,4427,UIDAI
Karnataka,Uttara Kannada,2025-10,aadhaar_demographic_update,4164,UIDAI
Karnataka,Uttara Kannada,2025-11,aadhaar_demographic_update,5987,UIDAI
Karnataka,Uttara Kannada,2025-12,aadhaar_demographic_update,7409,UIDAI
Karnataka,Uttara Kannada,2026-01,aadhaar_demographic_update,773,UIDAI
Karnataka,Vijayanagara,2025-03,aadhaar_demographic_update,2542,UIDAI
Karnataka,Vijayanagara,2025-06,aadhaar_demographic_update,402,UIDAI
Karnataka,Vijayanagara,2025-09,aadhaar_demographic_update,1980,UIDAI
Karnataka,Vijayanagara,2025-10,aadhaar_demographic_update,1748,UIDAI
Karnataka,Vijayanagara,2025-11,aadhaar_demographic_update,3007,UIDAI
Karnataka,Vijayanagara,2025-12,aadhaar_demographic_update,3723,UIDAI
Karnataka,Vijayanagara,2026-01,aadhaar_demographic_update,327,UIDAI
Karnataka,Vijayapura,2025-03,aadhaar_demographic_update,7444,UIDAI
Karnataka,Vijayapura,2025-04,aadhaar_demographic_update,440,UIDAI
Karnataka,Vijayapura,2025-05,aadhaar_demographic_update,595,UIDAI
Karnataka,Vijayapura,2025-06,aadhaar_demographic_update,716,UIDAI
Karnataka,Vijayapura,2025-07,aadhaar_demographic_update,499,UIDAI
Karnataka,Vijayapura,2025-09,aadhaar_demographic_update,4094,UIDAI
Karnataka,Vijayapura,2025-10,aadhaar_demographic_update,3622,UIDAI
Karnataka,Vijayapura,2025-11,aadhaar_demographic_update,5813,UIDAI
Karnataka,Vijayapura,2025-12,aadhaar_demographic_update,7359,UIDAI
Karnataka,Vijayapura,2026-01,aadhaar_demographic_update,743,UIDAI
Karnataka,Yadgir,2025-03,aadhaar_demographic_update,5825,UIDAI
Karnataka,Yadgir,2025-05,aadhaar_demographic_update,1626,UIDAI
Karnataka,Yadgir,2025-06,aadhaar_demographic_update,1684,UIDAI
Karnataka,Yadgir,2025-07,aadhaar_demographic_update,741,UIDAI
Karnataka,Yadgir,2025-09,aadhaar_demographic_update,3923,UIDAI
Karnataka,Yadgir,2025-10,aadhaar_demographic_update,3405,UIDAI
Karnataka,Yadgir,2025-11,aadhaar_demographic_update,4668,UIDAI
Karnataka,Yadgir,2025-12,aadhaar_demographic_update,6305,UIDAI
Karnataka,Yadgir,2026-01,aadhaar_demographic_update,678,UIDAI
Karnataka,yadgir,2025-09,aadhaar_demographic_update,445,UIDAI
Karnataka,yadgir,2025-10,aadhaar_demographic_update,407,UIDAI
Karnataka,yadgir,2025-11,aadhaar_demographic_update,649,UIDAI
Karnataka,yadgir,2025-12,aadhaar_demographic_update,907,UIDAI
Karnataka,yadgir,2026-01,aadhaar_demographic_update,63,UIDAI
